level,glyph,onyomi,kunyomi,meaning,line
N5,一,いち,ひと,1. 한 일,2
N5,二,に,ふた,1. 두 이,3
N5,三,さん,みっ,1. 석 삼,4
N5,四,し,よっ,1. 넉 사,5
N5,五,ご,いつ,1. 다섯 오,6
N5,六,ろく,むっ,1. 여섯 육 / 2. 여섯 륙,7
N5,七,しち,なな,1. 일곱 칠,8
N5,八,はち,やっ,1. 여덟 팔,9
N5,九,きゅう,ここの,1. 아홉 구,10
N5,十,じゅう,とお,1. 열 십,11
N5,百,ひゃく,,1. 일백 백,12
N5,千,せん,,1. 일천 천,13
N5,万,まん,,1. 일만 만,14
N5,円,えん,まる,1. 둥글 원 / 2. 화폐 단위 엔,15
N5,日,にち,ひ・か,1. 날 일 / 2. 해 일,16
N5,月,げつ,つき,1. 달 월,17
N5,火,か,ひ,1. 불 화,18
N5,水,すい,みず,1. 물 수,19
N5,木,もく,き,1. 나무 목,20
N5,金,きん,かね,1. 쇠 금 / 2. 성 김,21
N5,土,ど,つち,1. 흙 토,22
N5,曜,よう,,1. 빛날 요 / 2. 요일 요,23
N5,年,ねん,とし,1. 해 년 / 2. 해 연,24
N5,時,じ,とき,1. 때 시,25
N5,分,ぶん,わける・わかる,1. 나눌 분 / 2. 분수 분,26
N5,間,かん,あいだ,1. 사이 간,27
N5,週,しゅう,,1. 돌 주(週),28
N5,今,こん,いま,1. 이제 금,29
N5,毎,まい,,1. 매양 매,30
N5,午,ご,,1. 낮 오,31
N5,前,ぜん,まえ,1. 앞 전,32
N5,後,ご,うしろ・のち・あと,1. 뒤 후 / 2. 나중 후,33
N5,半,はん,,1. 반 반,34
N5,何,か,なに・なん,1. 하 何(무엇 하),35
N5,山,さん,やま,1. 메 산,36
N5,川,せん,かわ,1. 내 천,37
N5,田,でん,た,1. 밭 전,38
N5,空,くう,そら・あく,1. 빌 공 / 2. 하늘 공,39
N5,天,てん,あま,1. 하늘 천,40
N5,気,き,,1. 기운 기 / 2. 기 기,41
N5,雨,う,あめ,1. 비 우,42
N5,雪,せつ,ゆき,1. 눈 설,43
N5,花,か,はな,1. 꽃 화,44
N5,石,せき,いし,1. 돌 석,45
N5,上,じょう,うえ・あげる・のぼる,1. 위 상 / 2. 오를 상,46
N5,下,か,した・さげる・くだる,1. 아래 하 / 2. 내릴 하,47
N5,中,ちゅう,なか,1. 가운데 중,48
N5,左,さ,ひだり,1. 왼 좌,49
N5,右,う,みぎ,1. 오른 우,50
N5,外,がい,そと,1. 바깥 외,51
N5,内,ない,うち,1. 안 내,52
N5,東,とう,ひがし,1. 동녘 동,53
N5,西,せい,にし,1. 서녘 서,54
N5,南,なん,みなみ,1. 남녘 남,55
N5,北,ほく,きた,1. 북녘 북,56
N5,人,じん,ひと,1. 사람 인,57
N5,名,めい,な,1. 이름 명,58
N5,女,じょ,おんな,1. 여자 여,59
N5,男,だん,おとこ,1. 사내 남,60
N5,子,し,こ,1. 아들 자 / 2. 아이 자,61
N5,友,ゆう,とも,1. 벗 우,62
N5,父,ふ,ちち,1. 아비 부,63
N5,母,ぼ,はは,1. 어미 모,64
N5,兄,けい,あに,1. 맏 형,65
N5,姉,し,あね,1. 손윗누이 자(姉),66
N5,弟,てい,おとうと,1. 아우 제,67
N5,妹,まい,いもうと,1. 누이 매,68
N5,手,しゅ,て,1. 손 수,69
N5,足,そく,あし,1. 발 족,70
N5,目,もく,め,1. 눈 목,71
N5,耳,じ,みみ,1. 귀 이,72
N5,口,こう,くち,1. 입 구,73
N5,心,しん,こころ,1. 마음 심,74
N5,体,たい,からだ,1. 몸 체,75
N5,学,がく,まなぶ,1. 배울 학,76
N5,校,こう,,1. 학교 교,77
N5,先,せん,さき,1. 먼저 선,78
N5,生,せい,いきる・うまれる,1. 날 생 / 2. 살 생,79
N5,本,ほん,もと,1. 근본 본 / 2. 책 본,80
N5,語,ご,かたる・かたらう,1. 말씀 어,81
N5,文,ぶん,ふみ,1. 글월 문,82
N5,字,じ,あざ,1. 글자 자,83
N5,行,こう,いく・ゆく・おこなう,1. 갈 행 / 2. 행할 행 / 3. 다닐 행,84
N5,来,らい,くる・きたる,1. 올 래,85
N5,帰,き,かえる・かえす,1. 돌아갈 귀,86
N5,入,にゅう,はいる・いれる,1. 들 입,87
N5,出,しゅつ,でる・だす,1. 날 출,88
N5,見,けん,みる・みえる,1. 볼 견,89
N5,聞,ぶん,きく・きこえる,1. 들을 문,90
N5,言,げん,いう,1. 말씀 언,91
N5,話,わ,はなす・はなし,1. 이야기 화,92
N5,読,どく,よむ,1. 읽을 독,93
N5,書,しょ,かく,1. 글 서,94
N5,食,しょく,たべる,1. 먹을 식,95
N5,飲,いん,のむ,1. 마실 음,96
N5,買,ばい,かう,1. 살 매(買),97
N5,売,ばい,うる・うれる,1. 팔 매(売),98
N5,休,きゅう,やすむ・やすめる,1. 쉴 휴,99
N5,車,しゃ,くるま,1. 수레 거,100
N5,電,でん,,1. 번개 전,101
N4,会,かい,あう,1. 모일 회 / 2. 만날 회,102
N4,社,しゃ,やしろ,1. 모일 사 / 2. 회사 사,103
N4,員,いん,,1. 인원 원,104
N4,医,い,,1. 의원 의 / 2. 의술 의,105
N4,者,しゃ,もの,1. 사람 자,106
N4,主,しゅ,おも・ぬし,1. 임금 주 / 2. 주인 주,107
N4,取,しゅ,とる,1. 가질 취 / 2. 취할 취,108
N4,受,じゅ,うける,1. 받을 수,109
N4,住,じゅう,すむ・すまう,1. 살 주,110
N4,仕,し,つかえる,1. 섬길 사,111
N4,事,じ,こと,1. 일 사,112
N4,作,さく,つくる,1. 지을 작,113
N4,使,し,つかう,1. 부릴 사 / 2. 쓸 사,114
N4,働,どう,はたらく,1. 일할 동,115
N4,全,ぜん,,1. 온전 전 / 2. 모두 전,116
N4,代,だい,かわる・かえる,1. 대신 대 / 2. 세대 대,117
N4,第,だい,,1. 차례 제(第),118
N4,題,だい,,1. 제목 제,119
N4,問,もん,とう,1. 물을 문,120
N4,答,とう,こたえる,1. 대답 답,121
N4,試,し,ためす・こころみる,1. 시험 시,122
N4,験,けん,ためす,1. 시험 험,123
N4,説,せつ,とく,1. 말씀 설,124
N4,覚,かく,おぼえる・さます,1. 깨달을 각,125
N4,習,しゅう,ならう,1. 익힐 습,126
N4,研,けん,,1. 갈 연(研) / 2. 연구할 연,127
N4,究,きゅう,,1. 궁구할 구,128
N4,漢,かん,,1. 한나라 한 / 2. 한자 한,129
N4,始,し,はじまる・はじめる,1. 처음 시 / 2. 시작 시,132
N4,終,しゅう,おわる・おえる,1. 마칠 종,133
N4,定,てい,さだめる・さだまる,1. 정할 정,134
N4,決,けつ,きめる・きまる,1. 결단 결,135
N4,軽,けい,,1. 가벼울 경,136
N4,重,じゅう,おもい・かさねる,1. 무거울 중 / 2. 거듭 중,137
N4,静,せい,しずか,1. 고요할 정,138
N4,正,せい,ただしい,1. 바를 정,139
N4,清,せい,きよい,1. 맑을 청,140
N4,通,つう,とおる・かよう,1. 통할 통,141
N4,道,どう,みち,1. 길 도,142
N4,進,しん,すすむ・すすめる,1. 나아갈 진,143
N4,送,そう,おくる,1. 보낼 송,144
N4,追,つい,おう,1. 쫓을 추,145
N4,転,てん,ころぶ・ころがす,1. 구를 전,146
N4,運,うん,はこぶ,1. 옮길 운 / 2. 운 운,147
N4,起,き,おきる・おこす,1. 일어날 기,148
N4,都,と,みやこ,1. 도읍 도 / 2. 서울 도,150
N4,府,ふ,,1. 관청 부 / 2. 도청 부,151
N4,県,けん,,1. 고을 현,152
N4,海,かい,うみ,1. 바다 해,153
N4,湖,こ,みずうみ,1. 호수 호,154
N4,港,こう,みなと,1. 항구 항,155
N4,岸,がん,きし,1. 언덕 안,156
N4,島,とう,しま,1. 섬 도,157
N4,野,や,の,1. 들 야,158
N4,原,げん,はら,1. 들 원,159
N4,林,りん,はやし,1. 수풀 림/임,160
N4,森,しん,もり,1. 숲 신,161
N4,風,ふう,かぜ,1. 바람 풍,163
N4,温,おん,あたたかい・あたためる,1. 따뜻할 온,164
N4,寒,かん,さむい,1. 찰 한(寒),165
N4,暑,しょ,あつい,1. 더울 서(暑),166
N4,池,ち,いけ,1. 못 지,167
N4,谷,こく,たに,1. 골 곡,168
N4,皿,さら,さら,1. 접시 명(皿),169
N4,箱,はこ,はこ,1. 상자 상(箱),170
N4,具,ぐ,,1. 갖출 구,171
N4,器,き,うつわ,1. 그릇 기,172
N4,品,ひん,,1. 물건 품 / 2. 품위 품,173
N4,服,ふく,,1. 옷 복,174
N4,紙,し,かみ,1. 종이 지,175
N4,鏡,きょう,かがみ,1. 거울 경,176
N4,鉛,えん,,1. 납 연,177
N4,鉄,てつ,くろがね,1. 쇠 철,178
N4,炭,たん,すみ,1. 숯 탄,179
N4,油,ゆ,あぶら,1. 기름 유,180
N4,酒,しゅ,さけ,1. 술 주,181
N4,湯,とう,ゆ,1. 끓일 탕 / 2. 뜨거운 물 탕,182
N4,豆,とう,まめ,1. 콩 두,183
N4,業,ぎょう,わざ,1. 업 업,184
N4,商,しょう,あきなう,1. 장사 상,185
N4,費,ひ,,1. 쓸 비,188
N4,給,きゅう,,1. 줄 급,189
N4,銀,ぎん,,1. 은 은,190
N4,倍,ばい,,1. 곱 배,191
N4,開,かい,ひらく・あける,1. 열 개,192
N4,閉,へい,しめる・しまる,1. 닫을 폐,193
N4,店,てん,みせ,1. 가게 점,194
N4,客,きゃく,,1. 손 객,195
N4,宿,しゅく,やど・やどる,1. 잘 숙,196
N4,館,かん,,1. 집 관 / 2. 관청 관,197
N4,室,しつ,むろ,1. 방 실,198
N4,家,か,いえ・うち,1. 집 가,199
N4,院,いん,,1. 집 원 / 2. 병원 원,200
N4,局,きょく,,1. 국 국(局),201
N4,役,やく,,1. 부릴 역 / 2. 구실 역,202
N4,所,しょ,ところ,1. 바 소 / 2. 곳 소,203
N4,教,きょう,おしえる・おそわる,1. 가르칠 교,204
N4,科,か,,1. 과목 과 / 2. 과 과,205
N4,料,りょう,,1. 헤아릴 료/양 / 2. 재료 료,206
N4,理,り,,1. 다스릴 리/이 / 2. 이치 리,207
N4,図,ず,はかる,1. 그림 도 / 2. 도면 도,208
N4,地,ち,,1. 땅 지,209
N4,工,こう,,1. 장인 공 / 2. 공업 공,210
N4,建,けん,たてる・たつ,1. 세울 건,211
N4,場,じょう,ば,1. 마당 장 / 2. 장소 장,212
N4,形,けい,かたち,1. 모양 형,213
N4,色,しょく,いろ,1. 빛 색 / 2. 색 색,214
N4,親,しん,おや・したしい,1. 친할 친 / 2. 부모 친,215
N4,彼,ひ,かれ,1. 그 피/피(彼) / 2. 그 사람,216
N4,思,し,おもう,1. 생각 사,217
N4,忘,ぼう,わすれる,1. 잊을 망,218
N4,有,ゆう,ある,1. 있을 유,219
N4,不,ふ,,1. 아닐 불,220
N4,未,み,,1. 아닐 미,221
N4,末,まつ,,1. 끝 말/말(末),222
N4,初,しょ,はじめ・はつ,1. 처음 초,223
N4,別,べつ,わかれる,1. 나눌 별 / 2. 다를 별,224
N4,特,とく,,1. 특별할 특,225
N4,切,せつ,きる・きれる,1. 끊을 절 / 2. 자를 절,226
N4,急,きゅう,いそぐ,1. 급할 급,227
N4,低,てい,ひくい,1. 낮을 저/제(低),228
N4,広,こう,ひろい・ひろげる,1. 넓을 광,229
N4,狭,きょう,せまい・せばめる,1. 좁을 협,230
N4,近,きん,ちかい,1. 가까울 근,231
N4,遠,えん,とおい,1. 멀 원,232
N4,遅,ち,おそい・おくれる,1. 늦을 지,233
N4,暗,あん,くらい,1. 어두울 암,234
N4,旅,りょ,たび,1. 나그네 려/여,235
N4,泳,えい,およぐ,1. 헤엄칠 영,236
N4,動,どう,うごく・うごかす,1. 움직일 동,237
N4,遊,ゆう,あそぶ,1. 놀 유,238
N4,薬,やく,,1. 약 약,239
N4,度,ど,たび,1. 법도 도 / 2. 차례 도,240
N4,次,じ,つぎ,1. 버금 차,241
N4,昔,せき,むかし,1. 옛 석/석(昔),242
N4,配,はい,くばる,1. 나눌 배 / 2. 분배 배,243
N4,改,かい,あらためる,1. 고칠 개,244
N4,準,じゅん,,1. 기준 준 / 2. 차례 준,245
N4,備,び,そなえる・そなわる,1. 갖출 비,246
N4,設,せつ,もうける,1. 베풀 설,247
N4,管,かん,,1. 대롱 관 / 2. 관리할 관,248
N4,印,いん,しるし,1. 도장 인,249
N4,刷,さつ,,1. 인쇄할 쇄,250
N4,最,さい,もっとも,1. 가장 최,251
N4,借,しゃく,かりる,1. 빌릴 차,252
N4,貸,たい,かす,1. 빌릴 대 / 2. 빌려줄 대,253
N4,置,ち,おく,1. 둘 치(置),254
N4,伝,でん,つたえる・つたわる,1. 전할 전,255
N4,注,ちゅう,そそぐ,1. 부을 주 / 2. 주의할 주,256
N4,選,せん,えらぶ,1. 가릴 선 / 2. 뽑을 선,257
N4,曲,きょく,まがる・まげる,1. 굽을 곡 / 2. 곡 곡,258
N4,直,ちょく,なおる・なおす,1. 곧을 직 / 2. 고칠 직,259
N4,勝,しょう,かつ,1. 이길 승,260
N4,負,ふ,まける・おう,1. 질 부,261
N4,達,たつ,,1. 이를 달,262
N4,加,か,くわえる・くわわる,1. 더할 가,263
N4,算,さん,,1. 셈 산,264
N4,整,せい,ととのえる・ととのう,1. 가지런할 정,265
N4,違,い,ちがう・ちがえる,1. 다를 위/유(違),266
N4,故,こ,ゆえ,1. 연고 고,267
N4,象,しょう,,1. 코끼리 상 / 2. 형상 상,268
N4,規,き,,1. 법 규 / 2. 규범 규,269
N4,参,さん,まいる,1. 참여할 참,270
N4,告,こく,つげる,1. 알릴 고,271
N4,差,さ,さす,1. 차이 차 / 2. 어긋날 차,272
N4,査,さ,,1. 검사할 사,273
N4,像,ぞう,,1. 모상 상 / 2. 상像 상,274
N3,解,かい,とく・ほどく,1. 풀 해 / 2. 해석 해,279
N3,議,ぎ,,1. 의논 의,280
N3,政,せい,まつりごと,1. 정사 정,281
N3,法,ほう,,1. 법 법,282
N3,令,れい,,1. 하여금 령/영,283
N3,制,せい,,1. 제도 제,284
N3,際,さい,,1. 즈음 제/사이(際),285
N3,約,やく,,1. 맺을 약,286
N3,契,けい,ちぎる,1. 맺을 계(契),287
N3,件,けん,,1. 물건 건 / 2. 사건 건,288
N3,係,けい,かかり,1. 관계할 계 / 2. 걸 계,289
N3,関,かん,せき・かかわる,1. 빗장 관 / 2. 관계할 관,290
N3,務,む,,1. 힘쓸 무,291
N3,課,か,,1. 과목 과 / 2. 부과할 과,293
N3,庁,ちょう,,1. 관청 청,295
N3,省,しょう,かえりみる・はぶく,1. 살필 성 / 2. 덜 성,297
N3,総,そう,すべて,1. 총괄할 총,298
N3,統,とう,,1. 거느릴 통,299
N3,治,ち,おさめる・なおる,1. 다스릴 치,300
N3,経,けい,へる,1. 지날 경,301
N3,済,さい,すむ・すます,1. 마칠 제 / 2. 건널 제,302
N3,財,ざい,,1. 재물 재,303
N3,資,し,,1. 재물 자,305
N3,輸,ゆ,,1. 실을 수 / 2. 보낼 수,306
N3,販,はん,,1. 팔 판,308
N3,得,とく,える・うる,1. 얻을 득,309
N3,損,そん,そこなう,1. 덜 손 / 2. 해칠 손,310
N3,価,か,,1. 값 가,311
N3,格,かく,,1. 격식 격,312
N3,確,かく,たしか・たしかめる,1. 굳을 확,313
N3,認,にん,みとめる,1. 알 인 / 2. 인정 인,314
N3,証,しょう,,1. 증거 증,315
N3,審,しん,,1. 심사할 심,317
N3,評,ひょう,,1. 평할 평,318
N3,値,ち,ね,1. 값 치,319
N3,税,ぜい,,1. 세금 세,320
N3,納,のう,おさめる,1. 바칠 납,321
N3,額,がく,ひたい,1. 이마 액 / 2. 금액 액,322
N3,報,ほう,むくいる,1. 갚을 보 / 2. 알릴 보,323
N3,記,き,しるす,1. 기록할 기,325
N3,誌,し,,1. 기록 지 / 2. 잡지 지,326
N3,録,ろく,,1. 기록할 록,327
N3,構,こう,かまえる・かまう,1. 얽을 구 / 2. 짤 구,329
N3,機,き,はた・はたらく,1. 틀 기 / 2. 기계 기,330
N3,械,かい,,1. 기계 계(械),331
N3,技,ぎ,わざ,1. 재주 기,332
N3,術,じゅつ,,1. 재주 술,333
N3,論,ろん,,1. 논할 논,337
N3,型,けい,かた,1. 모형 형,338
N3,測,そく,はかる,1. 잴 측,340
N3,基,き,,1. 터 기 / 2. 기초 기,341
N3,災,さい,,1. 재앙 재,344
N3,害,がい,,1. 해할 해,345
N3,防,ぼう,ふせぐ,1. 막을 방,346
N3,救,きゅう,すくう,1. 구원할 구,347
N3,援,えん,,1. 도울 원,348
N3,難,なん,むずかしい,1. 어려울 난,349
N3,易,えき,やさしい,1. 쉬울 이 / 2. 바꿀 역,350
N3,減,げん,へる・へらす,1. 덜 감,351
N3,増,ぞう,ふえる・ふやす・ます,1. 더할 증,352
N3,比,ひ,くらべる,1. 견줄 비,354
N3,率,りつ,,1. 비율 율/률,355
N3,量,りょう,,1. 헤아릴 양,356
N3,景,けい,,1. 경치 경,357
N3,影,えい,かげ,1. 그림자 영,358
N3,響,きょう,ひびく,1. 울릴 향,359
N3,候,こう,,1. 기다릴 후 / 2. 기후 후,360
N3,季,き,,1. 계절 계,361
N3,就,しゅう,,1. 나아갈 취/종사할 취,364
N3,職,しょく,,1. 벼슬 직 / 2. 직업 직,365
N3,退,たい,,1. 물러날 퇴,367
N3,変,へん,かわる・かえる,1. 변할 변,369
N3,続,ぞく,つづく・つづける,1. 이을 속,370
N3,連,れん,つらなる・つれる,1. 잇닿을 련/연,371
N3,徒,と,,1. 무리 도,372
N3,留,りゅう,とめる・とまる,1. 머무를 류/유,373
N3,残,ざん,のこる・のこす,1. 남을 잔,374
N3,失,しつ,うしなう,1. 잃을 실,375
N3,供,きょう,そなえる・とも,1. 이바지할 공 / 2. 함께 할 공,376
N3,演,えん,,1. 펼 연 / 2. 연기할 연,377
N3,提,てい,さげる,1. 끌 제,378
N3,示,じ,しめす,1. 보일 시,379
N3,例,れい,,1. 법식 례/예,380
N3,各,かく,,1. 각각 각,381
N3,感,かん,,1. 느낄 감,383
N3,情,じょう,なさけ,1. 뜻 정,384
N3,性,せい,,1. 성품 성,385
N3,状,じょう,,1. 형상 상/상태 상,386
N3,対,たい,,1. 대할 대,387
N3,合,ごう,あう・あわせる,1. 합할 합,388
N3,互,ご,,1. 서로 호,389
N3,共,きょう,とも,1. 함께 공,390
N3,責,せき,せめる,1. 꾸짖을 책 / 2. 책임 책,391
N3,任,にん,まかせる・まかす,1. 맡길 임/任,392
N3,信,しん,,1. 믿을 신,393
N3,談,だん,,1. 말씀 담,394
N3,線,せん,,1. 줄 선,395
N3,禁,きん,,1. 금할 금,396
N3,便,べん,,1. 편할 편 / 2. 편지 편,398
N3,速,そく,はやい・はやめる,1. 빠를 속,399
N3,飛,ひ,とぶ・とばす,1. 날 비,401
N3,航,こう,,1. 배 항,402
N3,条,じょう,,1. 가지 조 / 2. 조목 조,403
N3,康,こう,,1. 편안 강,404
N3,営,えい,いとなむ,1. 경영할 영,408
N3,企,き,,1. 꾀할 기,409
N3,株,かぶ,,1. 그루 주 / 2. 주식 주,410
N3,由,ゆう,よし,1. 말미암을 유,411
N3,預,よ,あず케る・あずかる,1. 맡을 예,412
N3,可,か,,1. 옳을 가 / 2. 허가 가,413
N3,否,ひ,,1. 아닐 부/비,414
N3,非,ひ,,1. 아닐 비,415
N3,貯,ちょ,,1. 쌓을 저,416
N3,貿,ぼう,,1. 무역할 무역,417
N3,換,かん,かえる・かわる,1. 바꿀 환,418
N3,替,たい,かえる・かわる,1. 바꿀 체,419
N3,常,じょう,,1. 떳떳할 상/항상 상,421
N3,現,げん,あらわれる・あらわす,1. 나타날 현,422
N3,在,ざい,,1. 있을 재,423
N3,述,じゅつ,のべる,1. 펼 술,424
N3,掲,けい,かかげる,1. 게양할 게,425
N3,届,とどけ,とどけ・とどく・とどける,1. 이를 계 / 2. 신고 계(届),426
N3,刊,かん,,1. 새길 간 / 2. 간행 간,429
N3,版,はん,,1. 판목 판 / 2. 판본 판,430
N3,編,へん,あむ,1. 엮을 편,431
N3,集,しゅう,あつまる・あつめる,1. 모을 집,432
N3,再,さい,,1. 다시 재,433
N3,更,こう,さら・ふける・ふかす,1. 더할 갱 / 2. 고칠 갱,434
N3,装,そう,よそおう,1. 꾸밀 장 / 2. 장비 장,435
N3,材,ざい,,1. 재목 재,437
N3,素,そ,,1. 본디 소 / 2. 바탕 소,438
N3,成,せい,なる・なす,1. 이룰 성,439
N3,効,こう,きく,1. 본받을 효 / 2. 효과 효,440
N3,移,い,うつる・うつす,1. 옮길 이,441
N3,域,いき,,1. 지경 역,442
N3,境,きょう,さかい,1. 지경 경,443
N3,郡,ぐん,,1. 고을 군,444
N3,寺,じ,てら,1. 절 사,445
N3,塔,とう,,1. 탑 탑,446
N3,城,じょう,しろ,1. 성 성,447
N3,湾,わん,,1. 물굽이 만,449
N3,泉,せん,いずみ,1. 샘 천,451
N3,源,げん,みなもと,1. 근원 원,452
N3,波,は,なみ,1. 물결 파,453
N3,砂,さ,すな,1. 모래 사,454
N3,岩,がん,いわ,1. 바위 암,455
N3,梅,ばい,うめ,1. 매화 매,456
N3,松,しょう,まつ,1. 소나무 송,457
N3,竹,ちく,たけ,1. 대 죽,458
N3,畑,はたけ,はたけ,1. 밭 전(畑),459
N3,畳,じょう,たたみ・たたむ,1. 겹 대 / 2. 접을 접,460
N3,畜,ちく,,1. 가축 축,461
N3,牧,ぼく,まき,1. 기를 목,462
N3,婚,こん,,1. 혼인 혼,463
N3,妻,さい,つま,1. 아내 처,464
N3,夫,ふ,おっと,1. 지아비 부,465
N3,婦,ふ,,1. 며느리 부 / 2. 아내 부,466
N3,娘,じょう,むすめ,1. 아가씨 낭,467
N3,老,ろう,,1. 늙을 로/노,468
N3,孫,そん,まご,1. 손자 손,469
N3,育,いく,そだつ・そだてる,1. 기를 육,470
N3,乳,にゅう,,1. 젖 유,471
N3,児,じ,,1. 아이 아,472
N3,童,どう,,1. 아이 동,473
N3,吉,きち,,1. 길할 길,474
N3,福,ふく,,1. 복 복,475
N3,礼,れい,,1. 예도 례/예,476
N3,祝,しゅく,いわう,1. 빌 축,477
N3,幸,こう,さいわい・しあわせ,1. 다행 행,478
N3,願,がん,ねがう,1. 원할 원,479
N3,指,し,ゆび・さす,1. 가리킬 지 / 2. 손가락 지,480
N3,挙,きょ,,1. 들 거,481
N3,採,さい,とる,1. 캘 채 / 2. 뽑을 채,482
N3,探,たん,さがす・さぐる,1. 찾을 탐,483
N3,接,せつ,つぐ・つける,1. 접할 접,484
N3,維,い,,1. 벼리 유 / 2. 유지할 유,485
N3,伸,しん,のびる・のばす,1. 펼 신 / 2. 늘일 신,486
N3,縮,しゅく,ちぢむ・ちぢめる,1. 줄일 축,487
N3,翻,ほん,,1. 번역 번 / 2. 뒤집을 번,488
N3,載,さい,のせる・のる,1. 실을 재,489
N3,越,えつ,こす・こえる,1. 넘을 월,490
N3,並,へい,ならぶ・ならべる,1. 나란히 병,491
N3,等,とう,ひとしい,1. 무리 등 / 2. 같을 등,492
N3,余,よ,あまる・あます,1. 남을 여,493
N3,既,き,,1. 이미 기,494
N3,劇,げき,,1. 심할 극 / 2. 연극 극,497
N3,警,けい,,1. 경계할 경 / 2. 경찰 경,498
N3,芸,げい,,1. 재주 예/예능 예,499
N3,博,はく,,1. 넓을 박 / 2. 박사 박,500
N3,史,し,,1. 역사 사,501
N3,歴,れき,,1. 지낼 력/역 / 2. 역력 력,502
N3,軍,ぐん,,1. 군사 군,503
N3,兵,へい,,1. 군사 병,504
N3,武,ぶ,,1. 굳셀 무 / 2. 무사 무,505
N3,烈,れつ,,1. 세찰 렬/열,506
N3,償,しょう,,1. 갚을 상 / 2. 배상 상,507
N3,譲,じょう,ゆずる,1. 양보할 양 / 2. 사양 양,508
N3,請,せい,こう・うける,1. 청할 청,509
N3,罰,ばつ,,1. 벌 벌,510
N3,遵,じゅん,,1. 좇을 준,512
N3,撤,てつ,,1. 거둘 철 / 2. 철수 철,513
N3,措,そ,,1. 둘 조 / 2. 조치 조,514
N3,施,し,ほどこす,1. 베풀 시,515
N3,募,ぼ,つのる,1. 모집할 모,516
N3,逆,ぎゃく,さか・さからう,1. 거스를 역,517
N3,則,そく,,1. 법칙 칙,518
N3,舎,しゃ,,1. 집 사 / 2. 숙사 사,519
N3,寮,りょう,,1. 기숙사 료,520
N3,署,しょ,,1. 관청 서,521
N3,団,だん,,1. 둥글 단 / 2. 단체 단,522
N3,派,は,,1. 물갈래 파 / 2. 파벌 파,523
N3,党,とう,,1. 무리 당 / 2. 정당 당,524
N3,系,けい,,1. 맥락 계 / 2. 계통 계,525
N3,策,さく,,1. 꾀 책 / 2. 계책 책,526
N3,款,かん,,1. 항목 관 / 2. 관례 관,527
N3,促,そく,うながす,1. 재촉할 촉,528
N3,遷,せん,,1. 옮길 천,529
N3,兼,けん,かねる,1. 겸할 겸,530
N3,創,そう,つくる,1. 창조할 창,531
N3,製,せい,,1. 지을 제 / 2. 제조 제,532
N3,造,ぞう,つくる,1. 지을 조,533
N3,購,こう,,1. 살 구 / 2. 구입 구,534
N3,需,じゅ,,1. 쓰일 수 / 2. 수요 수,535
N3,端,たん,はし・はた,1. 끝 단,536
N3,側,そく,がわ,1. 곁 측 / 2. 옆 측,537
N3,幅,ふく,はば,1. 너비 폭,538
N3,奥,おう,おく,1. 깊숙할 옥 / 2. 속 옥,539
N3,層,そう,,1. 층 층,540
N3,帯,たい,おび・おびる,1. 띠 대,541
N3,均,きん,,1. 고를 균,542
N3,模,も,,1. 본뜰 모 / 2. 규모 모,543
N3,姿,し,すがた,1. 모양 자,544
N3,質,しつ,,1. 바탕 질,546
N3,炉,ろ,,1. 화로 로/노,547
N3,鉢,はち,,1. 바리때 발 / 2. 화분 발,548
N3,瓶,びん,,1. 병 병,549
N3,棒,ぼう,,1. 막대 봉,550
N3,針,しん,はり,1. 바늘 침,551
N3,糸,し,いと,1. 실 사,552
N3,綿,めん,,1. 솜 면,553
N3,縫,ほう,ぬう,1. 꿰맬 봉,554
N3,績,せき,,1. 길쌈할 적 / 2. 공적 적,555
N3,織,しょく,おる,1. 짤 직,556
N3,屈,くつ,,1. 굽힐 굴,557
N3,奏,そう,かなでる,1. 아뢸 주 / 2. 연주 주,559
N3,枠,わく,,1. 테두리 곽,562
N3,丘,きゅう,おか,1. 언덕 구,563
N3,岳,がく,たけ,1. 큰산 악,564
N3,峰,ほう,みね,1. 봉우리 봉,565
N3,潮,ちょう,しお,1. 조수 조 / 2. 바닷물 조,566
N3,湿,しつ,しめる・しめす,1. 축축할 습,567
N3,乾,かん,かわく・かわかす,1. 마를 건,568
N3,凍,とう,こおる・こごえる,1. 얼 동,569
N3,震,しん,ふるう・ふるえる,1. 떨 진 / 2. 지진 진,570
N3,雷,らい,,1. 우레 뇌,571
N3,霧,む,きり,1. 안개 무,572
N3,露,ろ,つゆ,1. 이슬 로/노,573
N3,霞,か,かすみ,1. 안개 취/하,574
N3,虹,こう,にじ,1. 무지개 홍,575
N3,畔,はん,,1. 둑 반,576
N3,渓,けい,,1. 시내 계,577
N3,恋,れん,こい・こいしい,1. 그리워할 련,578
N3,愛,あい,,1. 사랑 애,579
N3,恥,ち,はじ・はずかしい,1. 부끄러울 치,580
N3,怒,ど,いかる・おこる,1. 성낼 노,581
N3,怖,ふ,こわい・こわがる,1. 두려울 포,582
N3,悲,ひ,かなしい・かなしむ,1. 슬플 비,583
N3,悩,のう,なやむ,1. 번뇌할 뇌,584
N3,惑,わく,まどう,1. 미혹할 혹,585
N3,慣,かん,なれる・ならす,1. 익숙할 관,586
N3,憎,ぞう,にくむ・にくい,1. 미워할 증,587
N3,嫌,けん,きらう・いや,1. 싫어할 혐,588
N3,慮,りょ,,1. 생각할 려/여,589
N3,恐,きょう,おそれる・こわい,1. 두려울 공,590
N3,裕,ゆう,,1. 넉넉할 유,591
N3,貧,ひん,,1. 가난할 빈,592
N3,富,ふ,とむ・とみ,1. 부유할 부,593
N3,尊,そん,,1. 높일 존,594
N3,敬,けい,,1. 공경할 경,595
N3,遺,い,,1. 남길 유 / 2. 유산 유,596
N3,亡,ぼう,ない・ほろぶ,1. 망할 망,597
N3,葬,そう,,1. 장사지낼 장,598
N3,墓,ぼ,はか,1. 무덤 묘,599
N3,碑,ひ,,1. 비석 비,600
N3,看,かん,,1. 볼 간 / 2. 간호 간,601
N3,護,ご,,1. 지킬 호 / 2. 보호 호,602
N3,患,かん,わずらう,1. 근심 환 / 2. 병환 환,603
N3,毒,どく,,1. 독 독,604
N3,路,ろ,,1. 길 로/노,605
N3,布,ふ,しきる・しく,1. 베 포 / 2. 펴다 포,606
N3,駅,えき,,1. 역 역,607
N3,許,きょ,ゆるす,1. 허락할 허,608
N3,裁,さい,,1. 마를 재 / 2. 재단 재,609
N3,健,けん,,1. 굳셀 건 / 2. 건강 건,610
N3,権,けん,,1. 권세 권 / 2. 권리 권,611
N3,病,びょう,,1. 병 병,612
N3,雇,こ,やとう,1. 품팔 고 / 2. 고용 고,613
N3,診,しん,,1. 진찰 진,614
N3,療,りょう,,1. 치료할 료,615
N3,卒,そつ,,1. 졸업할 졸,616
N3,券,けん,,1. 문서 권 / 2. 증권 권,617
N3,因,いん,よる,1. 인할 인,618
N3,融,ゆう,,1. 녹을 융 / 2. 융통 융,619
N3,無,む,,1. 없을 무,622
N3,存,そん,,1. 있을 존,627
N3,察,さつ,,1. 살필 찰 / 2. 경찰 찰,628
N3,訴,そ,うったえる,1. 하소연할 소 / 2. 소송 소,629
N3,債,さい,,1. 빚 채 / 2. 채무 채,630
N3,勇,ゆう,,1. 날랠 용,631
N2,憲,けん,,1. 법 헌,632
N2,章,しょう,,1. 글 장 / 2. 법 장,633
N2,判,はん,,1. 판별 판 / 2. 재판 판,636
N2,刑,けい,,1. 형벌 형,637
N2,監,かん,,1. 볼 감 / 2. 감독 감,643
N2,督,とく,,1. 감독 독,644
N2,卸,おろし,おろす・おろし,1. 도매할 도,671
N2,昇,しょう,のぼる,1. 오를 승/승,678
N2,賞,しょう,,1. 상줄 상,679
N2,賃,ちん,,1. 삯 임 / 2. 임금 임,680
N2,収,しゅう,おさめる,1. 거둘 수,684
N2,益,えき,,1. 더할 익 / 2. 이로울 익,685
N2,為,い,,1. 할 위 / 2. 위할 위,687
N2,能,のう,,1. 능할 능,703
N2,詳,しょう,くわしい,1. 자세할 상,725
N2,簡,かん,,1. 간략할 간 / 2. 대쪽 간,726
N2,略,りゃく,,1. 간략할 략/약,727
N2,符,ふ,,1. 부호 부,731
N2,訳,やく,わけ,1. 번역 역 / 2. 해석 역,732
N2,辞,じ,やめる,1. 말 사 / 2. 그만둘 사,733
N2,恩,おん,,1. 은혜 은,734
N2,徳,とく,,1. 큰 덕 덕,735
N2,義,ぎ,,1. 옳을 의 / 2. 의리 의,736
N2,忠,ちゅう,,1. 충성 충,737
N2,孝,こう,,1. 효도 효,738
N2,忍,にん,しのぶ,1. 참을 인,740
N2,悔,かい,くいる・くやむ,1. 뉘우칠 회,741
N2,惜,せき,おしい・おしむ,1. 아낄 석/석,742
N2,慰,い,なぐさめる,1. 위로할 위,749
N2,傷,しょう,きず・いたむ,1. 상처 상,756
N2,痛,つう,いたい・いたむ,1. 아플 통,757
N2,痒,よう,かゆい,1. 가려울 양,758
N2,眠,みん,ねむる・ねむい,1. 잠잘 면,759
N2,疲,ひ,つかれる,1. 피곤할 피,760
N2,妊,にん,,1. 아이밸 임,761
N2,産,さん,うむ・うまれる,1. 낳을 산 / 2. 생산 산,762
N2,殖,しょく,ふえる・ふやす,1. 불을 식,764
N2,積,せき,つむ・つもる,1. 쌓을 적,779
N2,搬,はん,,1. 실을 반,781
N2,携,けい,たずさえる・たずさわる,1. 이끌 휴 / 2. 휴대 휴,782
N2,宇,う,,1. 집 우 / 2. 하늘 우,783
N2,宙,ちゅう,,1. 빔/우주 주,784
N2,艇,てい,,1. 배 정 / 2. 정박 정,785
N2,操,そう,あやつる,1. 잡을 조 / 2. 조종 조,786
N2,扱,そう,あつかう,1. 다룰 급,787
N2,及,きゅう,およぶ・およぼす,1. 미칠 급,788
N2,拒,きょ,こばむ,1. 거절할 거,789
N2,抗,こう,,1. 항거할 항,790
N2,抵,てい,,1. 막을 저,791
N2,攻,こう,せめる,1. 칠 공,792
N2,撃,げき,,1. 칠 격,793
N2,避,ひ,さける,1. 피할 피,794
N2,逃,とう,にげる・のがす,1. 도망할 도,795
N2,迫,はく,せまる,1. 핍박할 박,796
N2,奪,だつ,うばう,1. 빼앗을 탈,797
N2,壊,かい,こわす・こわれる,1. 무너질 괴,798
N2,潰,かい,つぶす・つぶれる,1. 무너질 궤,799
N2,覆,ふく,おおう・くつがえす,1. 덮을 복,800
N2,限,げん,かぎる,1. 한할 한 / 2. 한계 한,809
N2,了,りょう,,1. 마칠 료,810
N2,若,じゃく,わかい・もし,1. 어릴 약 / 2. 만약 약,811
N2,旧,きゅう,,1. 옛 구,812
N2,永,えい,,1. 길 영,813
N2,久,きゅう,,1. 오랠 구,814
N2,普,ふ,,1. 널리 보 / 2. 보통 보,816
N2,翌,よく,,1. 다음 날 익,820
N2,哲,てつ,,1. 밝을 철 / 2. 철학 철,821
N2,舞,ぶ,まう・まい,1. 춤출 무,827
N2,描,びょう,えがく・かく,1. 그릴 묘,828
N2,詩,し,,1. 시 시,831
N2,籍,せき,,1. 서적 적 / 2. 호적 적,832
N2,庶,しょ,,1. 무리 서,833
N2,序,じょ,,1. 차례 서,834
N2,俸,ほう,,1. 녹 봉 / 2. 봉급 봉,835
N2,俳,はい,,1. 배우 배 / 2. 풍자 배,836
N2,僚,りょう,,1. 동료 료,837
N2,傍,ぼう,かたわら,1. 곁 방,838
N2,儀,ぎ,,1. 의식 의 / 2. 의례 의,839
N2,侮,ぶ,あなどる,1. 업신여길 모,840
N2,侵,しん,おかす,1. 침범할 침,841
N2,鎮,ちん,,1. 진압할 진 / 2. 진정할 진,842
N2,庸,よう,,1. 떳떳할 용 / 2. 보통 용,844
N2,廉,れん,,1. 청렴할 렴,845
N2,勧,かん,すすめる,1. 권할 권,846
N2,勲,くん,,1. 공 훈,847
N2,勘,かん,,1. 헤아릴 감,848
N2,罷,ひ,,1. 파면할 파,849
N2,赦,しゃ,,1. 용서할 사,850
N2,逮,たい,,1. 뒤쫓을 체/체포 대,851
N2,勾,こう,,1. 굽을 구 / 2. 구치 구,852
N2,拘,こう,かかる・こだわる,1. 잡을 구,853
N2,控,こう,ひかえる,1. 당길 공 / 2. 삼가할 공,854
N2,遡,そ,さかのぼる,1. 거슬러 오를 소,857
N2,阻,そ,,1. 막을 조/저,861
N2,紛,ふん,まぎれる・まぎらす,1. 어지러울 분,865
N2,偽,ぎ,にせ,1. 거짓 위,866
N2,偵,てい,,1. 엿볼 정/정탐 정,867
N2,賄,わい,まかなう,1. 뇌물 회 / 2. 꾸릴 회,874
N2,賂,ろ,,1. 뇌물 뢰/뢰,875
N2,賓,ひん,,1. 손 빈,876
N2,赳,きゅう,,1. 씩씩할 규,877
N2,奨,しょう,,1. 장려할 장,878
N2,譜,ふ,,1. 계보 보 / 2. 악보 보,881
N2,謀,ぼう,はかる,1. 꾀할 모,882
N2,諮,し,はかる,1. 상의할 자,883
N2,諭,ゆ,さとす,1. 깨우칠 유,884
N2,誓,せい,ちかう,1. 맹세 서,885
N2,誇,こ,ほこる,1. 자랑할 과,886
N2,誠,せい,まこと,1. 정성 성,887
N2,詠,えい,よむ,1. 읊을 영,889
N2,赴,ふ,おもむく,1. 나아갈 부,893
N2,拠,きょ,よる,1. 근거 거,896
N2,据,きょ,すえる・すわる,1. 둘 거(据),897
N2,徴,ちょう,,1. 부를 징 / 2. 징수 징,903
N2,懲,ちょう,こりる・こらす,1. 징계할 징,904
N2,儲,ちょ,もうける,1. 이익 취할 저/모,906
N2,逸,いつ,,1. 달아날 일 / 2. 빼어날 일,907
N2,倹,けん,,1. 검소할 검,910
N2,傑,けつ,,1. 뛰어날 걸,911
N2,優,ゆう,,1. 뛰어날 우 / 2. 배우 우,912
N2,劣,れつ,,1. 못할 열,913
N2,俊,しゅん,,1. 준걸 준,914
N2,敏,びん,,1. 민첩할 민,915
N2,巧,こう,たくみ,1. 교묘할 교,916
N2,析,せき,,1. 나눌 석,917
N2,核,かく,,1. 씨 핵 / 2. 핵 핵,918
N2,磁,じ,,1. 자석 자,919
N2,凝,ぎょう,こる・こらす,1. 엉길 응,921
N2,溶,よう,とける・とかす,1. 녹을 용,922
N2,塑,そ,,1. 빚을 소,923
N2,繊,せん,,1. 가늘 섬,924
N2,継,けい,つぐ,1. 이을 계,926
N2,綻,たん,ほころぶ,1. 터질 탄,927
N2,紡,ぼう,つむぐ,1. 잣을 방,931
N2,槽,そう,,1. 통 조 / 2. 고래 통,935
N2,架,か,,1. 시렁 가 / 2. 걸 가,936
N2,搭,とう,,1. 탈 탑 / 2. 탑재 탑,937
N2,閲,えつ,,1. 열람 열,938
N2,媒,ばい,,1. 매개 매 / 2. 중매 매,939
N2,潟,せき,,1. 석호 석,940
N2,岬,みさき,みさき,1. 갑 곶,941
N2,峡,きょう,,1. 골짜기 협,942
N2,礫,れき,,1. 자갈 력,944
N2,胆,たん,,1. 쓸개 담,953
N2,腫,しゅ,はれる・はらす,1. 부스럼 종,954
N2,癖,へき,くせ,1. 버릇 벽,955
N2,瘍,よう,,1. 종기 양,956
N2,癒,ゆ,いえる・いやす,1. 병 나을 유,957
N2,栄,えい,さかえる,1. 번영 영 / 2. 영양 영,958
N2,衰,すい,おとろえる,1. 쇠할 쇠,959
N2,詞,し,,1. 가사 사 / 2. 말 사,962
N2,句,く,,1. 글귀 구,964
N2,稿,こう,,1. 벼 이삭 고 / 2. 초고 고,965
N2,著,ちょ,あらわす・いちじるしい,1. 나타낼 저 / 2. 저술 저,966
N2,誤,ご,あやまる,1. 그르칠 오,968
N2,謙,けん,,1. 겸손 겸,969
N2,賢,けん,,1. 어질 현,970
N2,愉,ゆ,たのしい・たのしむ,1. 즐거울 유,971
N2,舶,はく,,1. 배 박,974
N2,迂,う,,1. 굽을 우(迂),977
N2,逐,ちく,,1. 쫓을 축/축출 축,978
N2,逓,てい,,1. 갈마들 체(逓),979
N2,逼,ひつ,,1. 핍박할 핍(逼),980
N2,抑,よく,おさえる,1. 누를 억,981
N2,充,じゅう,あてる・みたす,1. 채울 충,982
N2,勅,ちょく,,1. 조서 칙,989
N2,准,じゅん,,1. 준할 준,990
N2,宜,ぎ,,1. 마땅 의,991
N2,宰,さい,,1. 재상 재,992
N2,宥,ゆう,,1. 너그러울 유,993
N2,庇,ひ,,1. 덮을 비 / 2. 비호 비,994
N2,彰,しょう,,1. 드러날 창,995
N2,粛,しゅく,,1. 엄숙 숙,996
N2,斡,あつ,,1. 알선 알,997
N2,斥,せき,,1. 물리칠 척,998
N2,却,きゃく,,1. 물리칠 각 / 2. 도리어 각,999
N2,隷,れい,,1. 종 례,1000
N2,労,ろう,,1. 일할 로/노 / 2. 근로 로,1001
N2,斑,はん,,1. 얼룩 반,1003
N2,斬,ざん,きる,1. 벨 참/참할 참,1004
N2,拓,たく,,1. 넓힐 탁,1005
N2,摩,ま,,1. 문지를 마,1006
N2,磨,ま,みがく,1. 갈 마,1007
N2,粋,すい,,1. 순수할 수 / 2. 멋 수,1008
N2,粧,しょう,,1. 단장 장,1009
N2,糾,きゅう,,1. 규명할 규 / 2. 꼬을 규,1010
N2,紋,もん,,1. 무늬 문,1011
N2,繭,けん,まゆ,1. 누에고치 견,1012
N2,緯,い,,1. 씨 위 / 2. 위도 위,1013
N2,緻,ち,,1. 정밀할 치,1014
N2,魁,かい,,1. 으뜸 괴/수괴 괴,1015
N2,峠,とうげ,とうげ,1. 고개 재,1016
N2,嵐,らん,あらし,1. 폭풍 란,1017
N2,潭,たん,,1. 못 담,1018
N2,渚,しょ,なぎさ,1. 물가 저,1019
N2,滝,ろう,たき,1. 폭포 로/누,1020
N2,熊,ゆう,くま,1. 곰 웅,1021
N2,鮫,こう,さめ,1. 상어 교,1022
N2,鯨,げい,,1. 고래 경,1023
N2,鷹,よう,たか,1. 매 응/매,1024
N2,脊,せき,,1. 등마루 척,1025
N2,髄,ずい,,1. 뼈골수 수,1026
N2,腺,せん,,1. 샘 선,1027
N2,痰,たん,,1. 담 담,1028
N2,戯,ぎ,,1. 장난 희 / 2. 희롱 희,1029
N2,抒,じょ,,1. 펼 서(抒),1030
N2,抄,しょう,,1. 뽑을 초,1031
N2,擁,よう,,1. 낄 옹 / 2. 옹호 옹,1032
N2,緩,かん,ゆるい・ゆるめる,1. 느슨할 완,1034
N2,厳,げん,おごそか・きびしい,1. 엄할 엄,1035
N2,穏,おん,おだやか,1. 온화할 온,1036
N2,隆,りゅう,,1. 일어날 륭/융,1037
N2,衷,ちゅう,,1. 속마음 충,1038
N2,衡,こう,,1. 저울대 형,1039
N2,討,とう,,1. 칠 토 / 2. 토론 토,1040
N2,賛,さん,,1. 도울 찬 / 2. 찬성 찬,1041
N2,矯,きょう,ためる,1. 바로잡을 교,1042
N2,頒,はん,,1. 나눌 반,1043
N2,頑,がん,,1. 완고할 완,1044
N2,渉,しょう,,1. 건널 섭/교섭 섭,1045
N2,剤,ざい,,1. 약제 제 / 2. 재단 제,1046
N2,網,もう,あみ,1. 그물 망 / 2. 망라할 망,1047
N2,索,さく,,1. 노 삭 / 2. 찾을 색,1048
N2,仮,か,かり,1. 임시 가,1049
N2,舗,ほ,,1. 깔 포 / 2. 포장 포,1050
N2,染,せん,そめる・そまる,1. 물들 염,1051
N2,繕,ぜん,つくろう,1. 기울 선 / 2. 수선 선,1052
N2,繰,そう,くる,1. 고치할 조 / 2. 되감다 조,1053
N2,穀,こく,,1. 곡식 곡,1054
N2,稚,ち,,1. 어릴 치,1055
N2,穫,かく,,1. 거둘 확,1056
N2,畝,せい,,1. 이랑 묘/무네,1057
N2,嶺,れい,みね,1. 고개 령/봉우리 령,1058
N2,崖,がい,がけ,1. 낭떠러지 애,1059
N2,潤,じゅん,うるおう・うるおす,1. 윤택할 윤,1060
N2,渇,かつ,かわく,1. 목마를 갈,1061
N2,滴,てき,したたる・しずく,1. 물방울 적,1062
N2,霜,そう,しも,1. 서리 상,1063
N2,慈,じ,いつくしむ,1. 사랑 자,1064
N2,琢,たく,,1. 다듬을 탁,1065
N2,慧,けい,,1. 슬기로울 혜,1066
N2,惨,さん,みじめ,1. 참혹할 참,1067
N2,愚,ぐ,,1. 어리석을 우,1068
N2,憂,ゆう,うれえる・うれい・うい,1. 근심 우,1069
N2,偉,い,,1. 위대할 위,1070
N2,聡,そう,,1. 총명할 총,1071
N2,朴,ぼく,,1. 순박할 박 / 2. 박씨 박,1072
N2,栃,とち,,1. 칠엽수 토치,1073
N2,枢,すう,,1. 추/중추 추,1074
N2,桟,さん,,1. 도리개 잔/잔교 잔,1075
N2,梶,かじ,,1. 키 가(배 키),1076
N2,淑,しゅく,,1. 맑을 숙 / 2. 훌륭할 숙,1077
N2,肇,ちょう,,1. 비로소 조,1078
N2,某,ぼう,,1. 아무 모,1079
N2,椿,ちん,つばき,1. 동백 춘,1080
N2,楓,ふう,かえで,1. 단풍 풍,1081
N2,槙,しん,,1. 전나무 침,1082
N2,橘,きつ,たちばな,1. 귤나무 귤/길,1083
N2,柿,し,かき,1. 감 시,1084
N2,桑,そう,くわ,1. 뽕나무 상(강화),1085
N2,梨,り,なし,1. 배나무 리/이(강화),1086
N2,藻,そう,,1. 말모래 조 / 2. 이끼 조,1087
N2,萩,しゅう,はぎ,1. 싸리 화/작,1088
N2,菫,きん,,1. 제비꽃 금,1089
N2,礎,そ,,1. 주춧돌 초 / 2. 기초 초,1090
N2,贈,ぞう,おくる,1. 보낼 증 / 2. 선물 증,1091
N2,抹,まつ,,1. 말 마(강화),1092
N2,把,は,,1. 잡을 파(강화),1093
N2,按,あん,,1. 누를 안(강화),1094
N2,拐,かい,,1. 꾈 괴(강화),1095
N2,擦,さつ,する・こする,1. 비빌 찰(강화),1096
N2,禅,ぜん,,1. 선 선(강화),1097
N2,雅,が,,1. 우아할 아(강화),1098
N2,祀,し,,1. 제사 사(강화),1099
N2,劾,がい,,1. 죄물을 탄핵할 해/핵,1100
N2,叙,じょ,,1. 서술할 서,1101
N2,勺,しゃく,,1. 되 사(작),1102
N2,匿,とく,,1. 숨길 닉/닉,1103
N2,僅,きん,,1. 겨우 근,1104
N2,鋳,ちゅう,,1. 부을 주,1105
N2,錬,れん,,1. 단련할 련,1106
N2,錦,にしき,,1. 비단 금,1107
N2,錘,すい,,1. 추가 추,1108
N2,鍋,なべ,なべ,1. 냄비 과/합,1109
N2,鎖,さ,,1. 사슬 쇄,1110
N2,閑,かん,,1. 한가할 한,1111
N2,閥,ばつ,,1. 문벌 벌,1112
N2,陥,かん,おちいる・おとしいれる,1. 빠질 함,1113
N2,陵,りょう,,1. 언덕 릉/능,1114
N2,隙,げき,すき,1. 틈 극,1115
N2,靭,じん,,1. 질길 인,1116
N2,韻,いん,,1. 운 운,1117
N2,頓,とん,,1. 조아릴 돈 / 2. 갑자기 돈,1118
N2,顕,けん,,1. 나타날 현,1119
N2,顧,こ,,1. 돌아볼 고,1120
N2,駐,ちゅう,,1. 머무를 주,1121
N2,騒,そう,さわぐ,1. 떠들 소,1122
N2,駆,く,かける・かる,1. 몰 구,1123
N2,騎,き,,1. 기병 기,1124
N2,骸,がい,,1. 해골 해,1125
